<annotation>
	<folder>labeling</folder>
	<filename>youtube_shop0156.jpg</filename>
	<path>C:\Users\k.jendrisakova-ext\Desktop\labeling\youtube_shop0156.jpg</path>
	<source>
		<database>Unknown</database>
	</source>
	<size>
		<width>1440</width>
		<height>1080</height>
		<depth>3</depth>
	</size>
	<segmented>0</segmented>
	<object>
		<name>person</name>
		<pose>Unspecified</pose>
		<truncated>0</truncated>
		<difficult>0</difficult>
		<bndbox>
			<xmin>570</xmin>
			<ymin>135</ymin>
			<xmax>642</xmax>
			<ymax>266</ymax>
		</bndbox>
	</object>
	<object>
		<name>person</name>
		<pose>Unspecified</pose>
		<truncated>0</truncated>
		<difficult>0</difficult>
		<bndbox>
			<xmin>247</xmin>
			<ymin>620</ymin>
			<xmax>299</xmax>
			<ymax>658</ymax>
		</bndbox>
	</object>
	<object>
		<name>person</name>
		<pose>Unspecified</pose>
		<truncated>0</truncated>
		<difficult>0</difficult>
		<bndbox>
			<xmin>239</xmin>
			<ymin>624</ymin>
			<xmax>256</xmax>
			<ymax>648</ymax>
		</bndbox>
	</object>
	<object>
		<name>person</name>
		<pose>Unspecified</pose>
		<truncated>0</truncated>
		<difficult>0</difficult>
		<bndbox>
			<xmin>1158</xmin>
			<ymin>401</ymin>
			<xmax>1222</xmax>
			<ymax>441</ymax>
		</bndbox>
	</object>
</annotation>
