<annotation>
	<folder>labeling</folder>
	<filename>youtube_shop0176.jpg</filename>
	<path>C:\Users\k.jendrisakova-ext\Desktop\labeling\youtube_shop0176.jpg</path>
	<source>
		<database>Unknown</database>
	</source>
	<size>
		<width>1440</width>
		<height>1080</height>
		<depth>3</depth>
	</size>
	<segmented>0</segmented>
	<object>
		<name>person</name>
		<pose>Unspecified</pose>
		<truncated>0</truncated>
		<difficult>0</difficult>
		<bndbox>
			<xmin>536</xmin>
			<ymin>171</ymin>
			<xmax>616</xmax>
			<ymax>302</ymax>
		</bndbox>
	</object>
	<object>
		<name>person</name>
		<pose>Unspecified</pose>
		<truncated>0</truncated>
		<difficult>0</difficult>
		<bndbox>
			<xmin>245</xmin>
			<ymin>620</ymin>
			<xmax>300</xmax>
			<ymax>657</ymax>
		</bndbox>
	</object>
	<object>
		<name>person</name>
		<pose>Unspecified</pose>
		<truncated>0</truncated>
		<difficult>0</difficult>
		<bndbox>
			<xmin>240</xmin>
			<ymin>623</ymin>
			<xmax>261</xmax>
			<ymax>648</ymax>
		</bndbox>
	</object>
	<object>
		<name>person</name>
		<pose>Unspecified</pose>
		<truncated>0</truncated>
		<difficult>0</difficult>
		<bndbox>
			<xmin>1141</xmin>
			<ymin>420</ymin>
			<xmax>1211</xmax>
			<ymax>462</ymax>
		</bndbox>
	</object>
</annotation>
