<annotation>
	<folder>labeling</folder>
	<filename>youtube_shop0216.jpg</filename>
	<path>C:\Users\k.jendrisakova-ext\Desktop\labeling\youtube_shop0216.jpg</path>
	<source>
		<database>Unknown</database>
	</source>
	<size>
		<width>1440</width>
		<height>1080</height>
		<depth>3</depth>
	</size>
	<segmented>0</segmented>
	<object>
		<name>person</name>
		<pose>Unspecified</pose>
		<truncated>0</truncated>
		<difficult>0</difficult>
		<bndbox>
			<xmin>539</xmin>
			<ymin>364</ymin>
			<xmax>653</xmax>
			<ymax>471</ymax>
		</bndbox>
	</object>
	<object>
		<name>person</name>
		<pose>Unspecified</pose>
		<truncated>0</truncated>
		<difficult>0</difficult>
		<bndbox>
			<xmin>245</xmin>
			<ymin>618</ymin>
			<xmax>300</xmax>
			<ymax>648</ymax>
		</bndbox>
	</object>
	<object>
		<name>person</name>
		<pose>Unspecified</pose>
		<truncated>0</truncated>
		<difficult>0</difficult>
		<bndbox>
			<xmin>234</xmin>
			<ymin>607</ymin>
			<xmax>252</xmax>
			<ymax>627</ymax>
		</bndbox>
	</object>
	<object>
		<name>person</name>
		<pose>Unspecified</pose>
		<truncated>0</truncated>
		<difficult>0</difficult>
		<bndbox>
			<xmin>1071</xmin>
			<ymin>452</ymin>
			<xmax>1174</xmax>
			<ymax>501</ymax>
		</bndbox>
	</object>
</annotation>
