<annotation>
	<folder>labeling</folder>
	<filename>youtube_shop0356.jpg</filename>
	<path>C:\Users\k.jendrisakova-ext\Desktop\labeling\youtube_shop0356.jpg</path>
	<source>
		<database>Unknown</database>
	</source>
	<size>
		<width>1440</width>
		<height>1080</height>
		<depth>3</depth>
	</size>
	<segmented>0</segmented>
	<object>
		<name>person</name>
		<pose>Unspecified</pose>
		<truncated>0</truncated>
		<difficult>0</difficult>
		<bndbox>
			<xmin>920</xmin>
			<ymin>235</ymin>
			<xmax>1015</xmax>
			<ymax>325</ymax>
		</bndbox>
	</object>
	<object>
		<name>person</name>
		<pose>Unspecified</pose>
		<truncated>0</truncated>
		<difficult>0</difficult>
		<bndbox>
			<xmin>245</xmin>
			<ymin>618</ymin>
			<xmax>299</xmax>
			<ymax>648</ymax>
		</bndbox>
	</object>
	<object>
		<name>person</name>
		<pose>Unspecified</pose>
		<truncated>0</truncated>
		<difficult>0</difficult>
		<bndbox>
			<xmin>572</xmin>
			<ymin>742</ymin>
			<xmax>643</xmax>
			<ymax>862</ymax>
		</bndbox>
	</object>
	<object>
		<name>person</name>
		<pose>Unspecified</pose>
		<truncated>0</truncated>
		<difficult>0</difficult>
		<bndbox>
			<xmin>235</xmin>
			<ymin>609</ymin>
			<xmax>255</xmax>
			<ymax>636</ymax>
		</bndbox>
	</object>
</annotation>
